{"cameraMode":{"drawMode":0,"name":"Shaded","section":"Shading Mode"},"sceneLighting":true,"audioPlay":false,"sceneViewState":{"showFog":true,"showMaterialUpdate":false,"showSkybox":true,"showFlares":true,"showImageEffects":true,"showParticleSystems":true},"in2DMode":false,"pivot":{"x":513.6338500976563,"y":23.04473114013672,"z":566.9434204101563},"rotation":{"x":0.14226694405078889,"y":0.5428798198699951,"z":-0.09392121434211731,"w":0.8223264217376709},"size":16.264705657958986,"orthographic":false}