{"cameraMode":{"drawMode":0,"name":"Shaded","section":"Shading Mode"},"sceneLighting":true,"audioPlay":false,"sceneViewState":{"showFog":true,"showMaterialUpdate":false,"showSkybox":true,"showFlares":true,"showImageEffects":true,"showParticleSystems":true},"in2DMode":false,"pivot":{"x":844.5018310546875,"y":-148.30946350097657,"z":522.2996826171875},"rotation":{"x":-0.12531399726867677,"y":-0.7565082907676697,"z":0.15202093124389649,"w":-0.6236031651496887},"size":198.0004119873047,"orthographic":false}