{"cameraMode":{"drawMode":0,"name":"Shaded","section":"Shading Mode"},"sceneLighting":true,"audioPlay":false,"sceneViewState":{"showFog":true,"showMaterialUpdate":false,"showSkybox":true,"showFlares":true,"showImageEffects":true,"showParticleSystems":true},"in2DMode":false,"pivot":{"x":30.733993530273439,"y":6.644384384155273,"z":20.974567413330079},"rotation":{"x":0.04696199297904968,"y":0.5387880802154541,"z":-0.030100779607892038,"w":0.8405928611755371},"size":10.0,"orthographic":false}