{"cameraMode":{"drawMode":0,"name":"Shaded","section":"Shading Mode"},"sceneLighting":true,"audioPlay":false,"sceneViewState":{"showFog":true,"showMaterialUpdate":false,"showSkybox":true,"showFlares":true,"showImageEffects":true,"showParticleSystems":true},"in2DMode":false,"pivot":{"x":501.79205322265627,"y":-2.055314064025879,"z":564.42431640625},"rotation":{"x":-0.14308132231235505,"y":-0.8030259609222412,"z":0.21337886154651643,"w":-0.5377920269966126},"size":5.84266471862793,"orthographic":false}