{"cameraMode":{"drawMode":0,"name":"Shaded","section":"Shading Mode"},"sceneLighting":true,"audioPlay":false,"sceneViewState":{"showFog":true,"showMaterialUpdate":false,"showSkybox":true,"showFlares":true,"showImageEffects":true,"showParticleSystems":true},"in2DMode":false,"pivot":{"x":512.0716552734375,"y":-4.072350978851318,"z":551.002685546875},"rotation":{"x":-0.3257182240486145,"y":0.01474528294056654,"z":-0.005085896234959364,"w":-0.9453497529029846},"size":5.887993812561035,"orthographic":false}