{"cameraMode":{"drawMode":0,"name":"Shaded","section":"Shading Mode"},"sceneLighting":true,"audioPlay":false,"sceneViewState":{"showFog":true,"showMaterialUpdate":false,"showSkybox":false,"showFlares":true,"showImageEffects":true,"showParticleSystems":true},"in2DMode":false,"pivot":{"x":23.484651565551759,"y":23.91931915283203,"z":-8.973054885864258},"rotation":{"x":0.22309520840644837,"y":-0.3662991523742676,"z":0.09093835949897766,"w":0.898774266242981},"size":22.847557067871095,"orthographic":false}