{"cameraMode":{"drawMode":0,"name":"Shaded","section":"Shading Mode"},"sceneLighting":true,"audioPlay":false,"sceneViewState":{"showFog":true,"showMaterialUpdate":false,"showSkybox":true,"showFlares":true,"showImageEffects":true,"showParticleSystems":true},"in2DMode":false,"pivot":{"x":23.077850341796876,"y":-221.39874267578126,"z":695.9070434570313},"rotation":{"x":-0.15952961146831513,"y":0.5906984806060791,"z":-0.120545893907547,"w":-0.781725287437439},"size":291.818115234375,"orthographic":false}