{"cameraMode":{"drawMode":0,"name":"Shaded","section":"Shading Mode"},"sceneLighting":true,"audioPlay":false,"sceneViewState":{"showFog":true,"showMaterialUpdate":false,"showSkybox":true,"showFlares":true,"showImageEffects":true,"showParticleSystems":true},"in2DMode":false,"pivot":{"x":243.6243896484375,"y":-101.82479858398438,"z":268.029052734375},"rotation":{"x":0.04263976961374283,"y":-0.9334824681282044,"z":0.11853853613138199,"w":0.33577555418014529},"size":212.96743774414063,"orthographic":false}