{"cameraMode":{"drawMode":0,"name":"Shaded","section":"Shading Mode"},"sceneLighting":false,"audioPlay":false,"sceneViewState":{"showFog":true,"showMaterialUpdate":false,"showSkybox":false,"showFlares":true,"showImageEffects":true,"showParticleSystems":true},"in2DMode":false,"pivot":{"x":4.0978193283081057e-8,"y":0.2935808002948761,"z":-7.450580596923828e-9},"rotation":{"x":0.016305040568113328,"y":0.9799132943153381,"z":-0.17710989713668824,"w":0.09021038562059403},"size":0.30206799507141116,"orthographic":false}