{"cameraMode":{"drawMode":0,"name":"Shaded","section":"Shading Mode"},"sceneLighting":true,"audioPlay":false,"sceneViewState":{"showFog":true,"showMaterialUpdate":false,"showSkybox":true,"showFlares":true,"showImageEffects":true,"showParticleSystems":true},"in2DMode":false,"pivot":{"x":515.1614379882813,"y":3.9868721961975099,"z":645.0908203125},"rotation":{"x":-0.01807486265897751,"y":-0.8872860074043274,"z":0.03489598259329796,"w":-0.45955726504325869},"size":74.43606567382813,"orthographic":false}