{"cameraMode":{"drawMode":0,"name":"Shaded","section":"Shading Mode"},"sceneLighting":true,"audioPlay":false,"sceneViewState":{"showFog":true,"showMaterialUpdate":false,"showSkybox":true,"showFlares":true,"showImageEffects":true,"showParticleSystems":true},"in2DMode":false,"pivot":{"x":509.7538757324219,"y":2.0535690784454347,"z":588.4672241210938},"rotation":{"x":-0.02195802889764309,"y":0.9776448011398315,"z":-0.13309836387634278,"w":-0.16129820048809052},"size":0.3888893723487854,"orthographic":false}