{"cameraMode":{"drawMode":0,"name":"Shaded","section":"Shading Mode"},"sceneLighting":false,"audioPlay":false,"sceneViewState":{"showFog":true,"showMaterialUpdate":false,"showSkybox":false,"showFlares":true,"showImageEffects":true,"showParticleSystems":true},"in2DMode":false,"pivot":{"x":-0.46739381551742556,"y":0.8814612030982971,"z":0.9314603805541992},"rotation":{"x":0.03644729405641556,"y":0.9633918404579163,"z":-0.17860369384288789,"w":0.19659343361854554},"size":0.8908616900444031,"orthographic":false}