{"cameraMode":{"drawMode":0,"name":"Shaded","section":"Shading Mode"},"sceneLighting":true,"audioPlay":false,"sceneViewState":{"showFog":true,"showMaterialUpdate":false,"showSkybox":false,"showFlares":true,"showImageEffects":true,"showParticleSystems":true},"in2DMode":false,"pivot":{"x":640.21142578125,"y":90.1800308227539,"z":915.2470703125},"rotation":{"x":0.12011991441249848,"y":-0.1899610161781311,"z":-0.023424694314599038,"w":-0.9741365909576416},"size":183.03952026367188,"orthographic":false}