{"cameraMode":{"drawMode":0,"name":"Shaded","section":"Shading Mode"},"sceneLighting":false,"audioPlay":false,"sceneViewState":{"showFog":true,"showMaterialUpdate":false,"showSkybox":false,"showFlares":true,"showImageEffects":true,"showParticleSystems":true},"in2DMode":false,"pivot":{"x":0.1430555284023285,"y":1.4809372425079346,"z":1.3649741411209107},"rotation":{"x":-0.34520164132118227,"y":0.04190786927938461,"z":-0.015365985222160817,"w":-0.9374902248382568},"size":1.0097486972808838,"orthographic":false}