{"cameraMode":{"drawMode":0,"name":"Shaded","section":"Shading Mode"},"sceneLighting":true,"audioPlay":false,"sceneViewState":{"showFog":true,"showMaterialUpdate":false,"showSkybox":true,"showFlares":true,"showImageEffects":true,"showParticleSystems":true},"in2DMode":false,"pivot":{"x":461.911865234375,"y":1.58368980884552,"z":456.3294982910156},"rotation":{"x":0.000059744266764028,"y":-0.9812909960746765,"z":0.00030335274641402066,"w":0.1925848424434662},"size":71.69789123535156,"orthographic":false}